시도,시군구,행정구역명,행정동(행정기관명),법정동,법정동코드
서울특별시,서울특별시,서울특별시,서울특별시,서울특별시,1100000000
서울특별시,종로구,종로구,종로구,종로구,1111000000
서울특별시,종로구,청운효자동,청운효자동,청운동,1111010100
서울특별시,종로구,청운효자동,청운효자동,신교동,1111010200
서울특별시,종로구,청운효자동,청운효자동,궁정동,1111010300
서울특별시,종로구,청운효자동,청운효자동,효자동,1111010400
서울특별시,종로구,청운효자동,청운효자동,창성동,1111010500
서울특별시,종로구,청운효자동,청운효자동,통인동,1111010800
서울특별시,종로구,청운효자동,청운효자동,누상동,1111010900
서울특별시,종로구,청운효자동,청운효자동,누하동,1111011000
서울특별시,종로구,청운효자동,청운효자동,옥인동,1111011100
서울특별시,종로구,청운효자동,청운효자동,세종로,1111011900
서울특별시,종로구,사직동,사직동,통의동,1111010600
서울특별시,종로구,사직동,사직동,적선동,1111010700
서울특별시,종로구,사직동,사직동,체부동,1111011200
서울특별시,종로구,사직동,사직동,필운동,1111011300
서울특별시,종로구,사직동,사직동,내자동,1111011400
서울특별시,종로구,사직동,사직동,사직동,1111011500
서울특별시,종로구,사직동,사직동,도렴동,1111011600
서울특별시,종로구,사직동,사직동,당주동,1111011700
서울특별시,종로구,사직동,사직동,내수동,1111011800
서울특별시,종로구,사직동,사직동,세종로,1111011900
서울특별시,종로구,사직동,사직동,신문로1가,1111012000
서울특별시,종로구,사직동,사직동,신문로2가,1111012100
서울특별시,종로구,삼청동,삼청동,팔판동,1111013900
서울특별시,종로구,삼청동,삼청동,삼청동,1111014000
서울특별시,종로구,삼청동,삼청동,안국동,1111014100
서울특별시,종로구,삼청동,삼청동,소격동,1111014200
서울특별시,종로구,삼청동,삼청동,화동,1111014300
서울특별시,종로구,삼청동,삼청동,사간동,1111014400
서울특별시,종로구,삼청동,삼청동,송현동,1111014500
서울특별시,종로구,부암동,부암동,부암동,1111018400
서울특별시,종로구,부암동,부암동,홍지동,1111018500
서울특별시,종로구,부암동,부암동,신영동,1111018600
서울특별시,종로구,평창동,평창동,구기동,1111018200
서울특별시,종로구,평창동,평창동,평창동,1111018300
서울특별시,종로구,무악동,무악동,무악동,1111018700
서울특별시,종로구,교남동,교남동,교남동,1111017600
서울특별시,종로구,교남동,교남동,평동,1111017700
서울특별시,종로구,교남동,교남동,송월동,1111017800
서울특별시,종로구,교남동,교남동,홍파동,1111017900
서울특별시,종로구,교남동,교남동,교북동,1111018000
서울특별시,종로구,교남동,교남동,행촌동,1111018100
서울특별시,종로구,가회동,가회동,가회동,1111014600
서울특별시,종로구,가회동,가회동,재동,1111014700
서울특별시,종로구,가회동,가회동,계동,1111014800
서울특별시,종로구,가회동,가회동,원서동,1111014900
서울특별시,종로구,종로1·2·3·4가동,종로1·2·3·4가동,세종로,1111011900
서울특별시,종로구,종로1·2·3·4가동,종로1·2·3·4가동,청진동,1111012200
서울특별시,종로구,종로1·2·3·4가동,종로1·2·3·4가동,서린동,1111012300
서울특별시,종로구,종로1·2·3·4가동,종로1·2·3·4가동,수송동,1111012400
서울특별시,종로구,종로1·2·3·4가동,종로1·2·3·4가동,중학동,1111012500
서울특별시,종로구,종로1·2·3·4가동,종로1·2·3·4가동,종로1가,1111012600
서울특별시,종로구,종로1·2·3·4가동,종로1·2·3·4가동,공평동,1111012700
서울특별시,종로구,종로1·2·3·4가동,종로1·2·3·4가동,관훈동,1111012800
서울특별시,종로구,종로1·2·3·4가동,종로1·2·3·4가동,견지동,1111012900
서울특별시,종로구,종로1·2·3·4가동,종로1·2·3·4가동,와룡동,1111013000
서울특별시,종로구,종로1·2·3·4가동,종로1·2·3·4가동,권농동,1111013100
서울특별시,종로구,종로1·2·3·4가동,종로1·2·3·4가동,운니동,1111013200
서울특별시,종로구,종로1·2·3·4가동,종로1·2·3·4가동,익선동,1111013300
서울특별시,종로구,종로1·2·3·4가동,종로1·2·3·4가동,경운동,1111013400
서울특별시,종로구,종로1·2·3·4가동,종로1·2·3·4가동,관철동,1111013500
서울특별시,종로구,종로1·2·3·4가동,종로1·2·3·4가동,인사동,1111013600
서울특별시,종로구,종로1·2·3·4가동,종로1·2·3·4가동,낙원동,1111013700
서울특별시,종로구,종로1·2·3·4가동,종로1·2·3·4가동,종로2가,1111013800
서울특별시,종로구,종로1·2·3·4가동,종로1·2·3·4가동,훈정동,1111015000
서울특별시,종로구,종로1·2·3·4가동,종로1·2·3·4가동,묘동,1111015100
서울특별시,종로구,종로1·2·3·4가동,종로1·2·3·4가동,봉익동,1111015200
서울특별시,종로구,종로1·2·3·4가동,종로1·2·3·4가동,돈의동,1111015300
서울특별시,종로구,종로1·2·3·4가동,종로1·2·3·4가동,장사동,1111015400
서울특별시,종로구,종로1·2·3·4가동,종로1·2·3·4가동,관수동,1111015500
서울특별시,종로구,종로1·2·3·4가동,종로1·2·3·4가동,종로3가,1111015600
서울특별시,종로구,종로1·2·3·4가동,종로1·2·3·4가동,인의동,1111015700
서울특별시,종로구,종로1·2·3·4가동,종로1·2·3·4가동,예지동,1111015800
서울특별시,종로구,종로1·2·3·4가동,종로1·2·3·4가동,원남동,1111015900
서울특별시,종로구,종로1·2·3·4가동,종로1·2·3·4가동,종로4가,1111016100
서울특별시,종로구,종로5·6가동,종로5·6가동,연지동,1111016000
서울특별시,종로구,종로5·6가동,종로5·6가동,효제동,1111016200
서울특별시,종로구,종로5·6가동,종로5·6가동,종로5가,1111016300
서울특별시,종로구,종로5·6가동,종로5·6가동,종로6가,1111016400
서울특별시,종로구,종로5·6가동,종로5·6가동,충신동,1111016700
서울특별시,종로구,이화동,이화동,이화동,1111016500
서울특별시,종로구,이화동,이화동,연건동,1111016600
서울특별시,종로구,이화동,이화동,동숭동,1111016800
서울특별시,종로구,혜화동,혜화동,와룡동,1111013000
서울특별시,종로구,혜화동,혜화동,혜화동,1111016900
서울특별시,종로구,혜화동,혜화동,명륜1가,1111017000
서울특별시,종로구,혜화동,혜화동,명륜2가,1111017100
서울특별시,종로구,혜화동,혜화동,명륜4가,1111017200
서울특별시,종로구,혜화동,혜화동,명륜3가,1111017300
서울특별시,종로구,창신1동,창신제1동,창신동,1111017400
서울특별시,종로구,창신2동,창신제2동,창신동,1111017400
서울특별시,종로구,창신3동,창신제3동,창신동,1111017400
서울특별시,종로구,숭인1동,숭인제1동,숭인동,1111017500
서울특별시,종로구,숭인2동,숭인제2동,숭인동,1111017500
서울특별시,중구,중구,중구,중구,1114000000
서울특별시,중구,소공동,소공동,소공동,1114011100
서울특별시,중구,소공동,소공동,북창동,1114011300
서울특별시,중구,소공동,소공동,태평로2가,1114011400
서울특별시,중구,소공동,소공동,남대문로2가,1114011500
서울특별시,중구,소공동,소공동,남대문로3가,1114011600
서울특별시,중구,소공동,소공동,남대문로4가,1114011700
서울특별시,중구,소공동,소공동,봉래동1가,1114011900
서울특별시,중구,소공동,소공동,서소문동,1114016600
서울특별시,중구,소공동,소공동,정동,1114016700
서울특별시,중구,소공동,소공동,순화동,1114016800
서울특별시,중구,소공동,소공동,의주로1가,1114016900
서울특별시,중구,소공동,소공동,충정로1가,1114017000
서울특별시,중구,회현동,회현동,남창동,1114011200
서울특별시,중구,회현동,회현동,남대문로3가,1114011600
서울특별시,중구,회현동,회현동,남대문로4가,1114011700
서울특별시,중구,회현동,회현동,남대문로5가,1114011800
서울특별시,중구,회현동,회현동,봉래동1가,1114011900
서울특별시,중구,회현동,회현동,봉래동2가,1114012000
서울특별시,중구,회현동,회현동,회현동1가,1114012100
서울특별시,중구,회현동,회현동,회현동2가,1114012200
서울특별시,중구,회현동,회현동,충무로1가,1114012400
서울특별시,중구,회현동,회현동,순화동,1114016800
서울특별시,중구,명동,명동,무교동,1114010100
서울특별시,중구,명동,명동,다동,1114010200
서울특별시,중구,명동,명동,태평로1가,1114010300
서울특별시,중구,명동,명동,을지로1가,1114010400
서울특별시,중구,명동,명동,을지로2가,1114010500
서울특별시,중구,명동,명동,남대문로1가,1114010600
서울특별시,중구,명동,명동,삼각동,1114010700
서울특별시,중구,명동,명동,수하동,1114010800
서울특별시,중구,명동,명동,장교동,1114010900
서울특별시,중구,명동,명동,수표동,1114011000
서울특별시,중구,명동,명동,남대문로2가,1114011500
서울특별시,중구,명동,명동,회현동1가,1114012100
서울특별시,중구,명동,명동,회현동2가,1114012200
서울특별시,중구,명동,명동,회현동3가,1114012300
서울특별시,중구,명동,명동,충무로1가,1114012400
서울특별시,중구,명동,명동,충무로2가,1114012500
서울특별시,중구,명동,명동,명동1가,1114012600
서울특별시,중구,명동,명동,명동2가,1114012700
서울특별시,중구,명동,명동,남산동1가,1114012800
서울특별시,중구,명동,명동,남산동2가,1114012900
서울특별시,중구,명동,명동,남산동3가,1114013000
서울특별시,중구,명동,명동,저동1가,1114013100
서울특별시,중구,명동,명동,예장동,1114014200
서울특별시,중구,필동,필동,충무로4가,1114013200
서울특별시,중구,필동,필동,충무로5가,1114013300
서울특별시,중구,필동,필동,묵정동,1114013600
서울특별시,중구,필동,필동,필동1가,1114013700
서울특별시,중구,필동,필동,필동2가,1114013800
서울특별시,중구,필동,필동,필동3가,1114013900
서울특별시,중구,필동,필동,남학동,1114014000
서울특별시,중구,필동,필동,주자동,1114014100
서울특별시,중구,필동,필동,예장동,1114014200
서울특별시,중구,필동,필동,장충동2가,1114014400
서울특별시,중구,필동,필동,충무로3가,1114015800
서울특별시,중구,장충동,장충동,묵정동,1114013600
서울특별시,중구,장충동,장충동,장충동1가,1114014300
서울특별시,중구,장충동,장충동,장충동2가,1114014400
서울특별시,중구,광희동,광희동,충무로4가,1114013200
서울특별시,중구,광희동,광희동,충무로5가,1114013300
서울특별시,중구,광희동,광희동,인현동2가,1114013400
서울특별시,중구,광희동,광희동,예관동,1114013500
서울특별시,중구,광희동,광희동,광희동1가,1114014500
서울특별시,중구,광희동,광희동,광희동2가,1114014600
서울특별시,중구,광희동,광희동,쌍림동,1114014700
서울특별시,중구,광희동,광희동,을지로6가,1114014800
서울특별시,중구,광희동,광희동,을지로7가,1114014900
서울특별시,중구,광희동,광희동,오장동,1114015400
서울특별시,중구,을지로동,을지로동,을지로4가,1114015000
서울특별시,중구,을지로동,을지로동,을지로5가,1114015100
서울특별시,중구,을지로동,을지로동,주교동,1114015200
서울특별시,중구,을지로동,을지로동,방산동,1114015300
서울특별시,중구,을지로동,을지로동,을지로3가,1114015500
서울특별시,중구,을지로동,을지로동,입정동,1114015600
서울특별시,중구,을지로동,을지로동,산림동,1114015700
서울특별시,중구,을지로동,을지로동,초동,1114015900
서울특별시,중구,을지로동,을지로동,인현동1가,1114016000
서울특별시,중구,을지로동,을지로동,저동2가,1114016100
서울특별시,중구,신당동,신당동,신당동,1114016200
서울특별시,중구,신당동,신당동,흥인동,1114016300
서울특별시,중구,신당동,신당동,무학동,1114016400
서울특별시,중구,다산동,다산동,신당동,1114016200
서울특별시,중구,약수동,약수동,신당동,1114016200
서울특별시,중구,청구동,청구동,신당동,1114016200
서울특별시,중구,신당5동,신당제5동,신당동,1114016200
서울특별시,중구,동화동,동화동,신당동,1114016200
서울특별시,중구,황학동,황학동,황학동,1114016500
서울특별시,중구,중림동,중림동,중림동,1114017100
서울특별시,중구,중림동,중림동,의주로2가,1114017200
서울특별시,중구,중림동,중림동,만리동1가,1114017300
서울특별시,중구,중림동,중림동,만리동2가,1114017400
서울특별시,용산구,용산구,용산구,용산구,1117000000
서울특별시,용산구,후암동,후암동,후암동,1117010100
서울특별시,용산구,용산2가동,용산2가동,용산동2가,1117010200
서울특별시,용산구,용산2가동,용산2가동,용산동4가,1117010300
서울특별시,용산구,남영동,남영동,갈월동,1117010400
서울특별시,용산구,남영동,남영동,남영동,1117010500
서울특별시,용산구,남영동,남영동,용산동1가,1117010600
서울특별시,용산구,남영동,남영동,동자동,1117010700
서울특별시,용산구,청파동,청파동,서계동,1117010800
서울특별시,용산구,청파동,청파동,청파동1가,1117010900
서울특별시,용산구,청파동,청파동,청파동2가,1117011000
서울특별시,용산구,청파동,청파동,청파동3가,1117011100
서울특별시,용산구,원효로1동,원효로제1동,원효로1가,1117011200
서울특별시,용산구,원효로1동,원효로제1동,원효로2가,1117011300
서울특별시,용산구,원효로1동,원효로제1동,문배동,1117012200
서울특별시,용산구,원효로1동,원효로제1동,신계동,1117012300
서울특별시,용산구,원효로2동,원효로제2동,신창동,1117011400
서울특별시,용산구,원효로2동,원효로제2동,산천동,1117011500
서울특별시,용산구,원효로2동,원효로제2동,청암동,1117011600
서울특별시,용산구,원효로2동,원효로제2동,원효로3가,1117011700
서울특별시,용산구,원효로2동,원효로제2동,원효로4가,1117011800
서울특별시,용산구,효창동,효창동,효창동,1117011900
서울특별시,용산구,용문동,용문동,도원동,1117012000
서울특별시,용산구,용문동,용문동,용문동,1117012100
서울특별시,용산구,한강로동,한강로동,한강로1가,1117012400
서울특별시,용산구,한강로동,한강로동,한강로2가,1117012500
서울특별시,용산구,한강로동,한강로동,용산동3가,1117012600
서울특별시,용산구,한강로동,한강로동,용산동5가,1117012700
서울특별시,용산구,한강로동,한강로동,한강로3가,1117012800
서울특별시,용산구,이촌1동,이촌제1동,이촌동,1117012900
서울특별시,용산구,이촌2동,이촌제2동,이촌동,1117012900
서울특별시,용산구,이태원1동,이태원제1동,이태원동,1117013000
서울특별시,용산구,이태원2동,이태원제2동,이태원동,1117013000
서울특별시,용산구,한남동,한남동,한남동,1117013100
서울특별시,용산구,서빙고동,서빙고동,동빙고동,1117013200
서울특별시,용산구,서빙고동,서빙고동,서빙고동,1117013300
서울특별시,용산구,서빙고동,서빙고동,주성동,1117013400
서울특별시,용산구,서빙고동,서빙고동,용산동6가,1117013500
서울특별시,용산구,보광동,보광동,보광동,1117013600
서울특별시,성동구,성동구,성동구,성동구,1120000000
서울특별시,성동구,왕십리2동,왕십리제2동,하왕십리동,1120010200
서울특별시,성동구,왕십리도선동,왕십리도선동,상왕십리동,1120010100
서울특별시,성동구,왕십리도선동,왕십리도선동,하왕십리동,1120010200
서울특별시,성동구,왕십리도선동,왕십리도선동,홍익동,1120010300
서울특별시,성동구,왕십리도선동,왕십리도선동,도선동,1120010400
서울특별시,성동구,마장동,마장동,마장동,1120010500
서울특별시,성동구,사근동,사근동,사근동,1120010600
서울특별시,성동구,사근동,사근동,행당동,1120010700
서울특별시,성동구,행당1동,행당제1동,행당동,1120010700
서울특별시,성동구,행당2동,행당제2동,행당동,1120010700
서울특별시,성동구,응봉동,응봉동,응봉동,1120010800
서울특별시,성동구,금호1가동,금호1가동,금호동1가,1120010900
서울특별시,성동구,금호2·3가동,금호2·3가동,금호동2가,1120011000
서울특별시,성동구,금호2·3가동,금호2·3가동,금호동3가,1120011100
서울특별시,성동구,금호4가동,금호4가동,금호동4가,1120011200
서울특별시,성동구,옥수동,옥수동,옥수동,1120011300
서울특별시,성동구,성수1가1동,성수1가제1동,성수동1가,1120011400
서울특별시,성동구,성수1가2동,성수1가제2동,성수동1가,1120011400
서울특별시,성동구,성수2가1동,성수2가제1동,성수동2가,1120011500
서울특별시,성동구,성수2가3동,성수2가제3동,성수동2가,1120011500
서울특별시,성동구,송정동,송정동,송정동,1120011800
서울특별시,성동구,용답동,용답동,송정동,1120011800
서울특별시,성동구,용답동,용답동,용답동,1120012200
서울특별시,광진구,광진구,광진구,광진구,1121500000
서울특별시,광진구,화양동,화양동,화양동,1121510700
서울특별시,광진구,군자동,군자동,군자동,1121510900
서울특별시,광진구,중곡1동,중곡제1동,중곡동,1121510100
서울특별시,광진구,중곡2동,중곡제2동,중곡동,1121510100
서울특별시,광진구,중곡3동,중곡제3동,중곡동,1121510100
서울특별시,광진구,중곡4동,중곡제4동,중곡동,1121510100
서울특별시,광진구,능동,능동,능동,1121510200
서울특별시,광진구,광장동,광장동,광장동,1121510400
서울특별시,광진구,자양1동,자양제1동,자양동,1121510500
서울특별시,광진구,자양2동,자양제2동,자양동,1121510500
서울특별시,광진구,자양3동,자양제3동,자양동,1121510500
서울특별시,광진구,자양4동,자양제4동,자양동,1121510500
서울특별시,광진구,구의1동,구의제1동,구의동,1121510300
서울특별시,광진구,구의2동,구의제2동,구의동,1121510300
서울특별시,광진구,구의3동,구의제3동,구의동,1121510300
서울특별시,동대문구,동대문구,동대문구,동대문구,1123000000
서울특별시,동대문구,용신동,용신동,신설동,1123010100
서울특별시,동대문구,용신동,용신동,용두동,1123010200
서울특별시,동대문구,제기동,제기동,제기동,1123010300
서울특별시,동대문구,전농1동,전농제1동,전농동,1123010400
서울특별시,동대문구,전농2동,전농제2동,전농동,1123010400
서울특별시,동대문구,답십리1동,답십리제1동,답십리동,1123010500
서울특별시,동대문구,답십리2동,답십리제2동,답십리동,1123010500
서울특별시,동대문구,장안1동,장안제1동,장안동,1123010600
서울특별시,동대문구,장안2동,장안제2동,장안동,1123010600
서울특별시,동대문구,청량리동,청량리동,청량리동,1123010700
서울특별시,동대문구,회기동,회기동,회기동,1123010800
서울특별시,동대문구,휘경1동,휘경제1동,휘경동,1123010900
서울특별시,동대문구,휘경2동,휘경제2동,휘경동,1123010900
서울특별시,동대문구,이문1동,이문제1동,이문동,1123011000
서울특별시,동대문구,이문2동,이문제2동,이문동,1123011000
서울특별시,중랑구,중랑구,중랑구,중랑구,1126000000
서울특별시,중랑구,면목2동,면목제2동,면목동,1126010100
서울특별시,중랑구,면목4동,면목제4동,면목동,1126010100
서울특별시,중랑구,면목5동,면목제5동,면목동,1126010100
서울특별시,중랑구,면목본동,면목본동,면목동,1126010100
서울특별시,중랑구,면목7동,면목제7동,면목동,1126010100
서울특별시,중랑구,면목3·8동,면목제3·8동,면목동,1126010100
서울특별시,중랑구,상봉1동,상봉제1동,상봉동,1126010200
서울특별시,중랑구,상봉2동,상봉제2동,상봉동,1126010200
서울특별시,중랑구,중화1동,중화제1동,중화동,1126010300
서울특별시,중랑구,중화2동,중화제2동,중화동,1126010300
서울특별시,중랑구,묵1동,묵제1동,묵동,1126010400
서울특별시,중랑구,묵2동,묵제2동,묵동,1126010400
서울특별시,중랑구,망우본동,망우본동,망우동,1126010500
서울특별시,중랑구,망우3동,망우제3동,망우동,1126010500
서울특별시,중랑구,신내1동,신내1동,신내동,1126010600
서울특별시,중랑구,신내2동,신내2동,신내동,1126010600
서울특별시,성북구,성북구,성북구,성북구,1129000000
서울특별시,성북구,성북동,성북동,성북동,1129010100
서울특별시,성북구,성북동,성북동,성북동1가,1129010200
서울특별시,성북구,성북동,성북동,동소문동1가,1129010400
서울특별시,성북구,성북동,성북동,동소문동4가,1129010700
서울특별시,성북구,삼선동,삼선동,동소문동2가,1129010500
서울특별시,성북구,삼선동,삼선동,동소문동3가,1129010600
서울특별시,성북구,삼선동,삼선동,동소문동5가,1129010800
서울특별시,성북구,삼선동,삼선동,삼선동1가,1129011100
서울특별시,성북구,삼선동,삼선동,삼선동2가,1129011200
서울특별시,성북구,삼선동,삼선동,삼선동3가,1129011300
서울특별시,성북구,삼선동,삼선동,삼선동4가,1129011400
서울특별시,성북구,삼선동,삼선동,삼선동5가,1129011500
서울특별시,성북구,동선동,동선동,돈암동,1129010300
서울특별시,성북구,동선동,동선동,동소문동6가,1129010900
서울특별시,성북구,동선동,동선동,동소문동7가,1129011000
서울특별시,성북구,동선동,동선동,동선동1가,1129011600
서울특별시,성북구,동선동,동선동,동선동2가,1129011700
서울특별시,성북구,동선동,동선동,동선동3가,1129011800
서울특별시,성북구,동선동,동선동,동선동4가,1129011900
서울특별시,성북구,동선동,동선동,동선동5가,1129012000
서울특별시,성북구,돈암1동,돈암제1동,돈암동,1129010300
서울특별시,성북구,돈암2동,돈암제2동,돈암동,1129010300
서울특별시,성북구,안암동,안암동,안암동1가,1129012100
서울특별시,성북구,안암동,안암동,안암동2가,1129012200
서울특별시,성북구,안암동,안암동,안암동3가,1129012300
서울특별시,성북구,안암동,안암동,안암동4가,1129012400
서울특별시,성북구,안암동,안암동,안암동5가,1129012500
서울특별시,성북구,보문동,보문동,보문동4가,1129012600
서울특별시,성북구,보문동,보문동,보문동5가,1129012700
서울특별시,성북구,보문동,보문동,보문동6가,1129012800
서울특별시,성북구,보문동,보문동,보문동7가,1129012900
서울특별시,성북구,보문동,보문동,보문동1가,1129013000
서울특별시,성북구,보문동,보문동,보문동2가,1129013100
서울특별시,성북구,보문동,보문동,보문동3가,1129013200
서울특별시,성북구,정릉1동,정릉제1동,정릉동,1129013300
서울특별시,성북구,정릉1동,정릉제1동,길음동,1129013400
서울특별시,성북구,정릉2동,정릉제2동,돈암동,1129010300
서울특별시,성북구,정릉2동,정릉제2동,정릉동,1129013300
서울특별시,성북구,정릉3동,정릉제3동,정릉동,1129013300
서울특별시,성북구,정릉4동,정릉제4동,정릉동,1129013300
서울특별시,성북구,길음1동,길음제1동,길음동,1129013400
서울특별시,성북구,길음2동,길음제2동,길음동,1129013400
서울특별시,성북구,길음2동,길음제2동,하월곡동,1129013600
서울특별시,성북구,종암동,종암동,종암동,1129013500
서울특별시,성북구,월곡1동,월곡제1동,하월곡동,1129013600
서울특별시,성북구,월곡2동,월곡제2동,하월곡동,1129013600
서울특별시,성북구,월곡2동,월곡제2동,상월곡동,1129013700
서울특별시,성북구,장위1동,장위제1동,장위동,1129013800
서울특별시,성북구,장위2동,장위제2동,장위동,1129013800
서울특별시,성북구,장위3동,장위제3동,장위동,1129013800
서울특별시,성북구,석관동,석관동,석관동,1129013900
서울특별시,강북구,강북구,강북구,강북구,1130500000
서울특별시,강북구,삼양동,삼양동,미아동,1130510100
서울특별시,강북구,미아동,미아동,미아동,1130510100
서울특별시,강북구,송중동,송중동,미아동,1130510100
서울특별시,강북구,송천동,송천동,미아동,1130510100
서울특별시,강북구,삼각산동,삼각산동,미아동,1130510100
서울특별시,강북구,번1동,번1동,번동,1130510200
서울특별시,강북구,번2동,번2동,번동,1130510200
서울특별시,강북구,번3동,번3동,번동,1130510200
서울특별시,강북구,수유1동,수유1동,수유동,1130510300
서울특별시,강북구,수유2동,수유2동,수유동,1130510300
서울특별시,강북구,수유3동,수유3동,수유동,1130510300
서울특별시,강북구,우이동,우이동,수유동,1130510300
서울특별시,강북구,우이동,우이동,우이동,1130510400
서울특별시,강북구,인수동,인수동,수유동,1130510300
서울특별시,도봉구,도봉구,도봉구,도봉구,1132000000
서울특별시,도봉구,창1동,창제1동,창동,1132010700
서울특별시,도봉구,창2동,창제2동,창동,1132010700
서울특별시,도봉구,창3동,창제3동,창동,1132010700
서울특별시,도봉구,창4동,창제4동,창동,1132010700
서울특별시,도봉구,창5동,창제5동,창동,1132010700
서울특별시,도봉구,도봉1동,도봉제1동,도봉동,1132010800
서울특별시,도봉구,도봉2동,도봉제2동,도봉동,1132010800
서울특별시,도봉구,쌍문1동,쌍문제1동,쌍문동,1132010500
서울특별시,도봉구,쌍문2동,쌍문제2동,쌍문동,1132010500
서울특별시,도봉구,쌍문3동,쌍문제3동,쌍문동,1132010500
서울특별시,도봉구,쌍문4동,쌍문제4동,쌍문동,1132010500
서울특별시,도봉구,방학1동,방학제1동,방학동,1132010600
서울특별시,도봉구,방학2동,방학제2동,방학동,1132010600
서울특별시,도봉구,방학3동,방학제3동,방학동,1132010600
서울특별시,노원구,노원구,노원구,노원구,1135000000
서울특별시,노원구,월계1동,월계1동,월계동,1135010200
서울특별시,노원구,월계2동,월계2동,월계동,1135010200
서울특별시,노원구,월계3동,월계3동,월계동,1135010200
서울특별시,노원구,공릉1동,공릉1동,공릉동,1135010300
서울특별시,노원구,공릉2동,공릉2동,공릉동,1135010300
서울특별시,노원구,하계1동,하계1동,하계동,1135010400
서울특별시,노원구,하계2동,하계2동,하계동,1135010400
서울특별시,노원구,중계본동,중계본동,중계동,1135010600
서울특별시,노원구,중계1동,중계1동,중계동,1135010600
서울특별시,노원구,중계4동,중계4동,중계동,1135010600
서울특별시,노원구,중계2·3동,중계2·3동,중계동,1135010600
서울특별시,노원구,상계1동,상계1동,상계동,1135010500
서울특별시,노원구,상계2동,상계2동,상계동,1135010500
서울특별시,노원구,상계3·4동,상계3·4동,상계동,1135010500
서울특별시,노원구,상계5동,상계5동,상계동,1135010500
서울특별시,노원구,상계6·7동,상계6·7동,상계동,1135010500
서울특별시,노원구,상계8동,상계8동,상계동,1135010500
서울특별시,노원구,상계9동,상계9동,상계동,1135010500
서울특별시,노원구,상계10동,상계10동,상계동,1135010500
서울특별시,은평구,은평구,은평구,은평구,1138000000
서울특별시,은평구,녹번동,녹번동,녹번동,1138010200
서울특별시,은평구,불광1동,불광제1동,불광동,1138010300
서울특별시,은평구,불광2동,불광제2동,불광동,1138010300
서울특별시,은평구,갈현1동,갈현제1동,갈현동,1138010400
서울특별시,은평구,갈현2동,갈현제2동,갈현동,1138010400
서울특별시,은평구,구산동,구산동,구산동,1138010500
서울특별시,은평구,대조동,대조동,대조동,1138010600
서울특별시,은평구,응암1동,응암제1동,응암동,1138010700
서울특별시,은평구,응암2동,응암제2동,응암동,1138010700
서울특별시,은평구,응암3동,응암제3동,응암동,1138010700
서울특별시,은평구,역촌동,역촌동,역촌동,1138010800
서울특별시,은평구,신사1동,신사제1동,신사동,1138010900
서울특별시,은평구,신사2동,신사제2동,신사동,1138010900
서울특별시,은평구,증산동,증산동,증산동,1138011000
서울특별시,은평구,수색동,수색동,수색동,1138010100
서울특별시,은평구,진관동,진관동,진관동,1138011400
서울특별시,서대문구,서대문구,서대문구,서대문구,1141000000
서울특별시,서대문구,천연동,천연동,냉천동,1141010500
서울특별시,서대문구,천연동,천연동,천연동,1141010600
서울특별시,서대문구,천연동,천연동,옥천동,1141010700
서울특별시,서대문구,천연동,천연동,영천동,1141010800
서울특별시,서대문구,천연동,천연동,현저동,1141010900
서울특별시,서대문구,북아현동,북아현동,북아현동,1141011000
서울특별시,서대문구,충현동,충현동,충정로2가,1141010100
서울특별시,서대문구,충현동,충현동,충정로3가,1141010200
서울특별시,서대문구,충현동,충현동,합동,1141010300
서울특별시,서대문구,충현동,충현동,미근동,1141010400
서울특별시,서대문구,충현동,충현동,북아현동,1141011000
서울특별시,서대문구,신촌동,신촌동,대현동,1141011200
서울특별시,서대문구,신촌동,신촌동,대신동,1141011300
서울특별시,서대문구,신촌동,신촌동,신촌동,1141011400
서울특별시,서대문구,신촌동,신촌동,봉원동,1141011500
서울특별시,서대문구,신촌동,신촌동,창천동,1141011600
서울특별시,서대문구,연희동,연희동,연희동,1141011700
서울특별시,서대문구,홍제1동,홍제제1동,홍제동,1141011100
서울특별시,서대문구,홍제3동,홍제제3동,홍제동,1141011100
서울특별시,서대문구,홍제2동,홍제제2동,홍제동,1141011100
서울특별시,서대문구,홍은1동,홍은제1동,홍은동,1141011800
서울특별시,서대문구,홍은2동,홍은제2동,홍은동,1141011800
서울특별시,서대문구,남가좌1동,남가좌제1동,남가좌동,1141012000
서울특별시,서대문구,남가좌2동,남가좌제2동,남가좌동,1141012000
서울특별시,서대문구,북가좌1동,북가좌제1동,북가좌동,1141011900
서울특별시,서대문구,북가좌2동,북가좌제2동,북가좌동,1141011900
서울특별시,마포구,마포구,마포구,마포구,1144000000
서울특별시,마포구,아현동,아현동,아현동,1144010100
서울특별시,마포구,아현동,아현동,공덕동,1144010200
서울특별시,마포구,아현동,아현동,염리동,1144010900
서울특별시,마포구,공덕동,공덕동,아현동,1144010100
서울특별시,마포구,공덕동,공덕동,공덕동,1144010200
서울특별시,마포구,공덕동,공덕동,신공덕동,1144010300
서울특별시,마포구,공덕동,공덕동,도화동,1144010400
서울특별시,마포구,도화동,도화동,도화동,1144010400
서울특별시,마포구,도화동,도화동,마포동,1144010700
서울특별시,마포구,용강동,용강동,도화동,1144010400
서울특별시,마포구,용강동,용강동,용강동,1144010500
서울특별시,마포구,용강동,용강동,토정동,1144010600
서울특별시,마포구,용강동,용강동,마포동,1144010700
서울특별시,마포구,용강동,용강동,대흥동,1144010800
서울특별시,마포구,용강동,용강동,염리동,1144010900
서울특별시,마포구,대흥동,대흥동,대흥동,1144010800
서울특별시,마포구,대흥동,대흥동,노고산동,1144011000
서울특별시,마포구,대흥동,대흥동,신수동,1144011100
서울특별시,마포구,염리동,염리동,공덕동,1144010200
서울특별시,마포구,염리동,염리동,염리동,1144010900
서울특별시,마포구,신수동,신수동,대흥동,1144010800
서울특별시,마포구,신수동,신수동,신수동,1144011100
서울특별시,마포구,신수동,신수동,현석동,1144011200
서울특별시,마포구,신수동,신수동,구수동,1144011300
서울특별시,마포구,신수동,신수동,신정동,1144011700
서울특별시,마포구,서강동,서강동,창전동,1144011400
서울특별시,마포구,서강동,서강동,상수동,1144011500
서울특별시,마포구,서강동,서강동,하중동,1144011600
서울특별시,마포구,서강동,서강동,신정동,1144011700
서울특별시,마포구,서강동,서강동,당인동,1144011800
서울특별시,마포구,서교동,서교동,노고산동,1144011000
서울특별시,마포구,서교동,서교동,서교동,1144012000
서울특별시,마포구,서교동,서교동,동교동,1144012100
서울특별시,마포구,합정동,합정동,합정동,1144012200
서울특별시,마포구,망원1동,망원제1동,망원동,1144012300
서울특별시,마포구,망원2동,망원제2동,망원동,1144012300
서울특별시,마포구,연남동,연남동,연남동,1144012400
서울특별시,마포구,성산1동,성산제1동,성산동,1144012500
서울특별시,마포구,성산2동,성산제2동,성산동,1144012500
서울특별시,마포구,성산2동,성산제2동,중동,1144012600
서울특별시,마포구,상암동,상암동,상암동,1144012700
서울특별시,양천구,양천구,양천구,양천구,1147000000
서울특별시,양천구,목1동,목1동,목동,1147010200
서울특별시,양천구,목2동,목2동,목동,1147010200
서울특별시,양천구,목3동,목3동,목동,1147010200
서울특별시,양천구,목4동,목4동,목동,1147010200
서울특별시,양천구,목5동,목5동,목동,1147010200
서울특별시,양천구,신월1동,신월1동,신월동,1147010300
서울특별시,양천구,신월2동,신월2동,신월동,1147010300
서울특별시,양천구,신월3동,신월3동,신월동,1147010300
서울특별시,양천구,신월4동,신월4동,신월동,1147010300
서울특별시,양천구,신월5동,신월5동,신월동,1147010300
서울특별시,양천구,신월6동,신월6동,신월동,1147010300
서울특별시,양천구,신월7동,신월7동,신월동,1147010300
서울특별시,양천구,신정1동,신정1동,신정동,1147010100
서울특별시,양천구,신정2동,신정2동,신정동,1147010100
서울특별시,양천구,신정3동,신정3동,신정동,1147010100
서울특별시,양천구,신정4동,신정4동,신정동,1147010100
서울특별시,양천구,신정6동,신정6동,신정동,1147010100
서울특별시,양천구,신정7동,신정7동,신정동,1147010100
서울특별시,강서구,강서구,강서구,강서구,1150000000
서울특별시,강서구,염창동,염창동,염창동,1150010100
서울특별시,강서구,염창동,염창동,가양동,1150010400
서울특별시,강서구,등촌1동,등촌제1동,등촌동,1150010200
서울특별시,강서구,등촌2동,등촌제2동,등촌동,1150010200
서울특별시,강서구,등촌3동,등촌제3동,등촌동,1150010200
서울특별시,강서구,화곡1동,화곡제1동,화곡동,1150010300
서울특별시,강서구,화곡2동,화곡제2동,화곡동,1150010300
서울특별시,강서구,화곡3동,화곡제3동,화곡동,1150010300
서울특별시,강서구,화곡4동,화곡제4동,화곡동,1150010300
서울특별시,강서구,화곡본동,화곡본동,화곡동,1150010300
서울특별시,강서구,화곡6동,화곡제6동,화곡동,1150010300
서울특별시,강서구,화곡8동,화곡제8동,화곡동,1150010300
서울특별시,강서구,가양1동,가양제1동,가양동,1150010400
서울특별시,강서구,가양1동,가양제1동,마곡동,1150010500
서울특별시,강서구,가양2동,가양제2동,가양동,1150010400
서울특별시,강서구,가양3동,가양제3동,가양동,1150010400
서울특별시,강서구,발산1동,발산제1동,마곡동,1150010500
서울특별시,강서구,발산1동,발산제1동,내발산동,1150010600
서울특별시,강서구,발산1동,발산제1동,외발산동,1150010700
서울특별시,강서구,우장산동,우장산동,화곡동,1150010300
서울특별시,강서구,우장산동,우장산동,내발산동,1150010600
서울특별시,강서구,공항동,공항동,마곡동,1150010500
서울특별시,강서구,공항동,공항동,공항동,1150010800
서울특별시,강서구,공항동,공항동,방화동,1150010900
서울특별시,강서구,공항동,공항동,과해동,1150011100
서울특별시,강서구,공항동,공항동,오곡동,1150011200
서울특별시,강서구,공항동,공항동,오쇠동,1150011300
서울특별시,강서구,방화1동,방화제1동,마곡동,1150010500
서울특별시,강서구,방화1동,방화제1동,공항동,1150010800
서울특별시,강서구,방화1동,방화제1동,방화동,1150010900
서울특별시,강서구,방화2동,방화제2동,방화동,1150010900
서울특별시,강서구,방화2동,방화제2동,개화동,1150011000
서울특별시,강서구,방화3동,방화제3동,방화동,1150010900
서울특별시,구로구,구로구,구로구,구로구,1153000000
서울특별시,구로구,신도림동,신도림동,신도림동,1153010100
서울특별시,구로구,구로1동,구로제1동,구로동,1153010200
서울특별시,구로구,구로2동,구로제2동,구로동,1153010200
서울특별시,구로구,구로3동,구로제3동,구로동,1153010200
서울특별시,구로구,구로4동,구로제4동,구로동,1153010200
서울특별시,구로구,구로5동,구로제5동,구로동,1153010200
서울특별시,구로구,가리봉동,가리봉동,가리봉동,1153010300
서울특별시,구로구,고척1동,고척제1동,고척동,1153010600
서울특별시,구로구,고척2동,고척제2동,고척동,1153010600
서울특별시,구로구,개봉1동,개봉제1동,개봉동,1153010700
서울특별시,구로구,개봉2동,개봉제2동,개봉동,1153010700
서울특별시,구로구,개봉3동,개봉제3동,개봉동,1153010700
서울특별시,구로구,오류1동,오류제1동,오류동,1153010800
서울특별시,구로구,오류2동,오류제2동,오류동,1153010800
서울특별시,구로구,오류2동,오류제2동,천왕동,1153011100
서울특별시,구로구,항동,항동,항동,1153011200
서울특별시,구로구,수궁동,수궁동,궁동,1153010900
서울특별시,구로구,수궁동,수궁동,온수동,1153011000
서울특별시,금천구,금천구,금천구,금천구,1154500000
서울특별시,금천구,가산동,가산동,가산동,1154510100
서울특별시,금천구,독산1동,독산제1동,독산동,1154510200
서울특별시,금천구,독산2동,독산제2동,독산동,1154510200
서울특별시,금천구,독산3동,독산제3동,독산동,1154510200
서울특별시,금천구,독산4동,독산제4동,독산동,1154510200
서울특별시,금천구,시흥1동,시흥제1동,시흥동,1154510300
서울특별시,금천구,시흥2동,시흥제2동,시흥동,1154510300
서울특별시,금천구,시흥3동,시흥제3동,시흥동,1154510300
서울특별시,금천구,시흥4동,시흥제4동,시흥동,1154510300
서울특별시,금천구,시흥5동,시흥제5동,시흥동,1154510300
서울특별시,영등포구,영등포구,영등포구,영등포구,1156000000
서울특별시,영등포구,영등포본동,영등포본동,영등포동,1156010100
서울특별시,영등포구,영등포본동,영등포본동,신길동,1156013200
서울특별시,영등포구,영등포동,영등포동,영등포동,1156010100
서울특별시,영등포구,영등포동,영등포동,영등포동1가,1156010200
서울특별시,영등포구,영등포동,영등포동,영등포동2가,1156010300
서울특별시,영등포구,영등포동,영등포동,영등포동3가,1156010400
서울특별시,영등포구,영등포동,영등포동,영등포동4가,1156010500
서울특별시,영등포구,영등포동,영등포동,영등포동5가,1156010600
서울특별시,영등포구,영등포동,영등포동,영등포동6가,1156010700
서울특별시,영등포구,영등포동,영등포동,영등포동7가,1156010800
서울특별시,영등포구,영등포동,영등포동,영등포동8가,1156010900
서울특별시,영등포구,여의동,여의동,여의도동,1156011000
서울특별시,영등포구,당산1동,당산제1동,당산동1가,1156011100
서울특별시,영등포구,당산1동,당산제1동,당산동2가,1156011200
서울특별시,영등포구,당산1동,당산제1동,당산동3가,1156011300
서울특별시,영등포구,당산2동,당산제2동,당산동4가,1156011400
서울특별시,영등포구,당산2동,당산제2동,당산동5가,1156011500
서울특별시,영등포구,당산2동,당산제2동,당산동6가,1156011600
서울특별시,영등포구,당산2동,당산제2동,당산동,1156011700
서울특별시,영등포구,도림동,도림동,도림동,1156011800
서울특별시,영등포구,문래동,문래동,문래동1가,1156011900
서울특별시,영등포구,문래동,문래동,문래동2가,1156012000
서울특별시,영등포구,문래동,문래동,문래동3가,1156012100
서울특별시,영등포구,문래동,문래동,문래동4가,1156012200
서울특별시,영등포구,문래동,문래동,문래동5가,1156012300
서울특별시,영등포구,문래동,문래동,문래동6가,1156012400
서울특별시,영등포구,양평1동,양평제1동,양평동1가,1156012500
서울특별시,영등포구,양평1동,양평제1동,양평동2가,1156012600
서울특별시,영등포구,양평1동,양평제1동,양평동3가,1156012700
서울특별시,영등포구,양평2동,양평제2동,양평동3가,1156012700
서울특별시,영등포구,양평2동,양평제2동,양평동4가,1156012800
서울특별시,영등포구,양평2동,양평제2동,양평동5가,1156012900
서울특별시,영등포구,양평2동,양평제2동,양평동6가,1156013000
서울특별시,영등포구,양평2동,양평제2동,양화동,1156013100
서울특별시,영등포구,양평2동,양평제2동,양평동,1156013400
서울특별시,영등포구,신길1동,신길제1동,신길동,1156013200
서울특별시,영등포구,신길3동,신길제3동,신길동,1156013200
서울특별시,영등포구,신길4동,신길제4동,신길동,1156013200
서울특별시,영등포구,신길5동,신길제5동,신길동,1156013200
서울특별시,영등포구,신길5동,신길제5동,대림동,1156013300
서울특별시,영등포구,신길6동,신길제6동,신길동,1156013200
서울특별시,영등포구,신길7동,신길제7동,신길동,1156013200
서울특별시,영등포구,대림1동,대림제1동,대림동,1156013300
서울특별시,영등포구,대림2동,대림제2동,대림동,1156013300
서울특별시,영등포구,대림3동,대림제3동,대림동,1156013300
서울특별시,동작구,동작구,동작구,동작구,1159000000
서울특별시,동작구,노량진1동,노량진제1동,노량진동,1159010100
서울특별시,동작구,노량진1동,노량진제1동,본동,1159010400
서울특별시,동작구,노량진2동,노량진제2동,노량진동,1159010100
서울특별시,동작구,상도1동,상도제1동,상도동,1159010200
서울특별시,동작구,상도1동,상도제1동,상도1동,1159010300
서울특별시,동작구,상도2동,상도제2동,상도동,1159010200
서울특별시,동작구,상도3동,상도제3동,상도동,1159010200
서울특별시,동작구,상도4동,상도제4동,상도동,1159010200
서울특별시,동작구,흑석동,흑석동,흑석동,1159010500
서울특별시,동작구,사당1동,사당제1동,사당동,1159010700
서울특별시,동작구,사당2동,사당제2동,동작동,1159010600
서울특별시,동작구,사당2동,사당제2동,사당동,1159010700
서울특별시,동작구,사당3동,사당제3동,사당동,1159010700
서울특별시,동작구,사당4동,사당제4동,사당동,1159010700
서울특별시,동작구,사당5동,사당제5동,사당동,1159010700
서울특별시,동작구,대방동,대방동,대방동,1159010800
서울특별시,동작구,신대방1동,신대방제1동,신대방동,1159010900
서울특별시,동작구,신대방2동,신대방제2동,신대방동,1159010900
서울특별시,관악구,관악구,관악구,관악구,1162000000
서울특별시,관악구,보라매동,보라매동,봉천동,1162010100
서울특별시,관악구,청림동,청림동,봉천동,1162010100
서울특별시,관악구,성현동,성현동,봉천동,1162010100
서울특별시,관악구,행운동,행운동,봉천동,1162010100
서울특별시,관악구,낙성대동,낙성대동,봉천동,1162010100
서울특별시,관악구,청룡동,청룡동,봉천동,1162010100
서울특별시,관악구,은천동,은천동,봉천동,1162010100
서울특별시,관악구,중앙동,중앙동,봉천동,1162010100
서울특별시,관악구,인헌동,인헌동,봉천동,1162010100
서울특별시,관악구,남현동,남현동,남현동,1162010300
서울특별시,관악구,서원동,서원동,신림동,1162010200
서울특별시,관악구,신원동,신원동,신림동,1162010200
서울특별시,관악구,서림동,서림동,신림동,1162010200
서울특별시,관악구,신사동,신사동,신림동,1162010200
서울특별시,관악구,신림동,신림동,신림동,1162010200
서울특별시,관악구,난향동,난향동,신림동,1162010200
서울특별시,관악구,조원동,조원동,신림동,1162010200
서울특별시,관악구,대학동,대학동,신림동,1162010200
서울특별시,관악구,삼성동,삼성동,신림동,1162010200
서울특별시,관악구,미성동,미성동,신림동,1162010200
서울특별시,관악구,난곡동,난곡동,신림동,1162010200
서울특별시,서초구,서초구,서초구,서초구,1165000000
서울특별시,서초구,서초1동,서초1동,서초동,1165010800
서울특별시,서초구,서초2동,서초2동,서초동,1165010800
서울특별시,서초구,서초3동,서초3동,방배동,1165010100
서울특별시,서초구,서초3동,서초3동,서초동,1165010800
서울특별시,서초구,서초4동,서초4동,서초동,1165010800
서울특별시,서초구,잠원동,잠원동,잠원동,1165010600
서울특별시,서초구,반포본동,반포본동,반포동,1165010700
서울특별시,서초구,반포1동,반포1동,반포동,1165010700
서울특별시,서초구,반포2동,반포2동,반포동,1165010700
서울특별시,서초구,반포3동,반포3동,잠원동,1165010600
서울특별시,서초구,반포4동,반포4동,반포동,1165010700
서울특별시,서초구,방배본동,방배본동,방배동,1165010100
서울특별시,서초구,방배1동,방배1동,방배동,1165010100
서울특별시,서초구,방배2동,방배2동,방배동,1165010100
서울특별시,서초구,방배3동,방배3동,방배동,1165010100
서울특별시,서초구,방배4동,방배4동,방배동,1165010100
서울특별시,서초구,양재1동,양재1동,양재동,1165010200
서울특별시,서초구,양재1동,양재1동,우면동,1165010300
서울특별시,서초구,양재2동,양재2동,양재동,1165010200
서울특별시,서초구,양재2동,양재2동,원지동,1165010400
서울특별시,서초구,내곡동,내곡동,내곡동,1165010900
서울특별시,서초구,내곡동,내곡동,염곡동,1165011000
서울특별시,서초구,내곡동,내곡동,신원동,1165011100
서울특별시,강남구,강남구,강남구,강남구,1168000000
서울특별시,강남구,신사동,신사동,신사동,1168010700
서울특별시,강남구,신사동,신사동,압구정동,1168011000
서울특별시,강남구,논현1동,논현1동,논현동,1168010800
서울특별시,강남구,논현2동,논현2동,논현동,1168010800
서울특별시,강남구,압구정동,압구정동,신사동,1168010700
서울특별시,강남구,압구정동,압구정동,압구정동,1168011000
서울특별시,강남구,청담동,청담동,청담동,1168010400
서울특별시,강남구,삼성1동,삼성1동,삼성동,1168010500
서울특별시,강남구,삼성2동,삼성2동,삼성동,1168010500
서울특별시,강남구,대치1동,대치1동,대치동,1168010600
서울특별시,강남구,대치2동,대치2동,대치동,1168010600
서울특별시,강남구,대치4동,대치4동,대치동,1168010600
서울특별시,강남구,역삼1동,역삼1동,역삼동,1168010100
서울특별시,강남구,역삼2동,역삼2동,역삼동,1168010100
서울특별시,강남구,도곡1동,도곡1동,도곡동,1168011800
서울특별시,강남구,도곡2동,도곡2동,도곡동,1168011800
서울특별시,강남구,개포1동,개포1동,개포동,1168010300
서울특별시,강남구,개포2동,개포2동,개포동,1168010300
서울특별시,강남구,개포2동,개포2동,일원동,1168011400
서울특별시,강남구,개포4동,개포4동,개포동,1168010300
서울특별시,강남구,세곡동,세곡동,세곡동,1168011100
서울특별시,강남구,세곡동,세곡동,자곡동,1168011200
서울특별시,강남구,세곡동,세곡동,율현동,1168011300
서울특별시,강남구,일원본동,일원본동,일원동,1168011400
서울특별시,강남구,일원본동,일원본동,수서동,1168011500
서울특별시,강남구,일원1동,일원1동,일원동,1168011400
서울특별시,강남구,일원1동,일원1동,수서동,1168011500
서울특별시,강남구,일원2동,일원2동,개포동,1168010300
서울특별시,강남구,일원2동,일원2동,대치동,1168010600
서울특별시,강남구,일원2동,일원2동,일원동,1168011400
서울특별시,강남구,수서동,수서동,수서동,1168011500
서울특별시,송파구,송파구,송파구,송파구,1171000000
서울특별시,송파구,풍납1동,풍납1동,풍납동,1171010300
서울특별시,송파구,풍납2동,풍납2동,풍납동,1171010300
서울특별시,송파구,거여1동,거여1동,거여동,1171011300
서울특별시,송파구,거여2동,거여2동,거여동,1171011300
서울특별시,송파구,마천1동,마천1동,마천동,1171011400
서울특별시,송파구,마천2동,마천2동,마천동,1171011400
서울특별시,송파구,방이1동,방이1동,방이동,1171011100
서울특별시,송파구,방이2동,방이2동,방이동,1171011100
서울특별시,송파구,오륜동,오륜동,방이동,1171011100
서울특별시,송파구,오금동,오금동,오금동,1171011200
서울특별시,송파구,송파1동,송파1동,송파동,1171010400
서울특별시,송파구,송파2동,송파2동,송파동,1171010400
서울특별시,송파구,석촌동,석촌동,석촌동,1171010500
서울특별시,송파구,삼전동,삼전동,삼전동,1171010600
서울특별시,송파구,가락본동,가락본동,가락동,1171010700
서울특별시,송파구,가락1동,가락1동,가락동,1171010700
서울특별시,송파구,가락2동,가락2동,가락동,1171010700
서울특별시,송파구,문정1동,문정1동,문정동,1171010800
서울특별시,송파구,문정2동,문정2동,문정동,1171010800
서울특별시,송파구,문정2동,문정2동,장지동,1171010900
서울특별시,송파구,장지동,장지동,문정동,1171010800
서울특별시,송파구,장지동,장지동,장지동,1171010900
서울특별시,송파구,위례동,위례동,장지동,1171010900
서울특별시,송파구,위례동,위례동,거여동,1171011300
서울특별시,송파구,잠실본동,잠실본동,잠실동,1171010100
서울특별시,송파구,잠실2동,잠실2동,잠실동,1171010100
서울특별시,송파구,잠실3동,잠실3동,잠실동,1171010100
서울특별시,송파구,잠실4동,잠실4동,신천동,1171010200
서울특별시,송파구,잠실6동,잠실6동,신천동,1171010200
서울특별시,송파구,잠실7동,잠실7동,잠실동,1171010100
서울특별시,강동구,강동구,강동구,강동구,1174000000
서울특별시,강동구,강일동,강일동,상일동,1174010300
서울특별시,강동구,강일동,강일동,강일동,1174011000
서울특별시,강동구,상일동,상일동,상일동,1174010300
서울특별시,강동구,명일1동,명일제1동,명일동,1174010100
서울특별시,강동구,명일2동,명일제2동,명일동,1174010100
서울특별시,강동구,고덕1동,고덕제1동,고덕동,1174010200
서울특별시,강동구,고덕2동,고덕제2동,고덕동,1174010200
서울특별시,강동구,암사1동,암사제1동,암사동,1174010700
서울특별시,강동구,암사2동,암사제2동,암사동,1174010700
서울특별시,강동구,암사3동,암사제3동,암사동,1174010700
서울특별시,강동구,천호1동,천호제1동,천호동,1174010900
서울특별시,강동구,천호2동,천호제2동,천호동,1174010900
서울특별시,강동구,천호3동,천호제3동,천호동,1174010900
서울특별시,강동구,성내1동,성내제1동,성내동,1174010800
서울특별시,강동구,성내2동,성내제2동,성내동,1174010800
서울특별시,강동구,성내3동,성내제3동,성내동,1174010800
서울특별시,강동구,길동,길동,길동,1174010500
서울특별시,강동구,둔촌1동,둔촌제1동,둔촌동,1174010600
서울특별시,강동구,둔촌2동,둔촌제2동,둔촌동,1174010600
